{
	"name": "glass",
	"ctm": {
		"id": "glass",
		"start": 0,
		"connect": "block",
		"condition": "textures/block/glass.png"
	},
	"slice": {
		"start": 1,
		"height": 1,
		"width": 1
	},
	"map": "012345678",
	"features": [
		"01134 677",
		"111 4 777",
		"112 45778",
		"01134 3 8",
		"112 456 5",
		"3 234 3 8",
		"111 4 6 8",
		"0   4 6 8",
		"0 2 4 6  ",
		"  2 4   8",
		"    4 6 8",
		"0123456 8",
		"01134 6  ",
		"111 4    ",
		"112 45  5",
		"3 234 677",
		"0 5 45778",
		"0 2 4 777",
		"0 5 456 5",
		"  2 4 6 8",
		"0 2 4   8",
		"0 2 4    ",
		"0   4 6  ",
		"3 53453 5",
		"3  34 3  ",
		"    4    ",
		"  5 45  5",
		"3 234 3  ",
		"111 4   8",
		"3  34 3 8",
		"111 4 6  ",
		"    4   8",
		"    4 6  ",
		"0   4   8",
		"  2 4 6  ",
		"3 5345678",
		"3  34 678",
		"    4 777",
		"  5 45778",
		"0   4 777",
		"  5 456 5",
		"  2 4 777",
		"0 5 45  5",
		"  2 4    ",
		"0   4    ",
		"8 6 4 2 0"
	]
}
